link,username,count_comment
https://habr.com/ru/post/442872/,Aingis,1
https://habr.com/ru/post/442872/,Antares19,1
https://habr.com/ru/post/442872/,Archon,1
https://habr.com/ru/post/442872/,BalinTomsk,1
https://habr.com/ru/post/442872/,BandGsharp0,1
https://habr.com/ru/post/442872/,CheatEx,1
https://habr.com/ru/post/442872/,DCNick3,1
https://habr.com/ru/post/442872/,Dgolubetd,1
https://habr.com/ru/post/442872/,Dimsml,1
https://habr.com/ru/post/442872/,Draku1a,1
https://habr.com/ru/post/442872/,Fafnir,1
https://habr.com/ru/post/442872/,Homo97Sapiens,1
https://habr.com/ru/post/442872/,Julegg,1
https://habr.com/ru/post/442872/,KirutNdert,1
https://habr.com/ru/post/442872/,Knightt,1
https://habr.com/ru/post/442872/,KodyWiremane,1
https://habr.com/ru/post/442872/,Maccimo,1
https://habr.com/ru/post/442872/,Nagg,1
https://habr.com/ru/post/442872/,Neikist,1
https://habr.com/ru/post/442872/,OlegGelezcov,1
https://habr.com/ru/post/442872/,OnYourLips,1
https://habr.com/ru/post/442872/,Revertis,1
https://habr.com/ru/post/442872/,Sergery8205,1
https://habr.com/ru/post/442872/,SiliconValleyHobo,1
https://habr.com/ru/post/442872/,Tsvetik,1
https://habr.com/ru/post/442872/,Wan-Derer,1
https://habr.com/ru/post/442872/,andreyvo,1
https://habr.com/ru/post/442872/,andvary,1
https://habr.com/ru/post/442872/,anprs,1
https://habr.com/ru/post/442872/,barbanel,1
https://habr.com/ru/post/442872/,bay73,1
https://habr.com/ru/post/442872/,bkar,1
https://habr.com/ru/post/442872/,citius,1
https://habr.com/ru/post/442872/,dollar,1
https://habr.com/ru/post/442872/,dtho-dtho,1
https://habr.com/ru/post/442872/,ferzisdis,1
https://habr.com/ru/post/442872/,fpir,1
https://habr.com/ru/post/442872/,greenhack,1
https://habr.com/ru/post/442872/,nanshakov,1
https://habr.com/ru/post/442872/,nochkin,1
https://habr.com/ru/post/442872/,nsuvorov,1
https://habr.com/ru/post/442872/,petrovichtim,1
https://habr.com/ru/post/442872/,smilyfox,1
https://habr.com/ru/post/442872/,speshuric,1
https://habr.com/ru/post/442872/,sumanai,1
https://habr.com/ru/post/442872/,xPomaHx,1
https://habr.com/ru/post/442872/,zodchiy,1
https://habr.com/ru/post/442872/,Anton23,2
https://habr.com/ru/post/442872/,LevOrdabesov,2
https://habr.com/ru/post/442872/,Nick_Shl,2
https://habr.com/ru/post/442872/,TimsTims,2
https://habr.com/ru/post/442872/,WraithOW,2
https://habr.com/ru/post/442872/,Yoooriii,2
https://habr.com/ru/post/442872/,entilza,2
https://habr.com/ru/post/442872/,jawaharlalnehru,2
https://habr.com/ru/post/442872/,kzhyg,2
https://habr.com/ru/post/442872/,vsb,2
https://habr.com/ru/post/442872/,alsii,3
https://habr.com/ru/post/442872/,orion76,3
https://habr.com/ru/post/442872/,slava_k,3
https://habr.com/ru/post/442872/,AlexSmall,4
https://habr.com/ru/post/442872/,User2Qwer,4
https://habr.com/ru/post/442872/,naething,4
https://habr.com/ru/post/442872/,rpiontik,4
https://habr.com/ru/post/442872/,tbl,4
https://habr.com/ru/post/442872/,DMGarikk,5
https://habr.com/ru/post/442872/,Nitrofen,5
https://habr.com/ru/post/442872/,geisha,5
https://habr.com/ru/post/442872/,khayrov,5
https://habr.com/ru/post/442872/,roman_kashitsyn,6
https://habr.com/ru/post/442872/,Thahr,7
https://habr.com/ru/post/442872/,lanseg,7
https://habr.com/ru/post/442872/,Ghost_nsk,10
https://habr.com/ru/post/442872/,datacompboy,10
https://habr.com/ru/post/442872/,wataru,10
https://habr.com/ru/post/442872/,Nexus7,13
https://habr.com/ru/post/442872/,senya_z,17
https://habr.com/ru/post/442872/,vortupin,18
https://habr.com/ru/post/442872/,khim,22
https://habr.com/ru/post/442872/,tyomitch,22
https://habr.com/ru/post/442872/,andrei_mankevich,34
https://habr.com/ru/post/443466/,411,1
https://habr.com/ru/post/443466/,Alex_Builder,1
https://habr.com/ru/post/443466/,Anarchist,1
https://habr.com/ru/post/443466/,AnatoliD,1
https://habr.com/ru/post/443466/,AndreDeBonk,1
https://habr.com/ru/post/443466/,AndreyGaskov,1
https://habr.com/ru/post/443466/,Aragornich,1
https://habr.com/ru/post/443466/,Arbane,1
https://habr.com/ru/post/443466/,Architekt,1
https://habr.com/ru/post/443466/,AstRonin,1
https://habr.com/ru/post/443466/,AxeLWeaver,1
https://habr.com/ru/post/443466/,Beshere,1
https://habr.com/ru/post/443466/,CheatEx,1
https://habr.com/ru/post/443466/,ChieF_Of_ReD,1
https://habr.com/ru/post/443466/,Cobalt747,1
https://habr.com/ru/post/443466/,CrashLogger,1
https://habr.com/ru/post/443466/,Cryvage,1
https://habr.com/ru/post/443466/,Development-Service,1
https://habr.com/ru/post/443466/,EireenK,1
https://habr.com/ru/post/443466/,Ernest88,1
https://habr.com/ru/post/443466/,EugeneButrik,1
https://habr.com/ru/post/443466/,Femistoklov,1
https://habr.com/ru/post/443466/,Frank59,1
https://habr.com/ru/post/443466/,Gaito,1
https://habr.com/ru/post/443466/,GrandTourism,1
https://habr.com/ru/post/443466/,Groove,1
https://habr.com/ru/post/443466/,Habivax,1
https://habr.com/ru/post/443466/,Helium4,1
https://habr.com/ru/post/443466/,Hivemaster,1
https://habr.com/ru/post/443466/,IamSofaKing,1
https://habr.com/ru/post/443466/,IvanGanev,1
https://habr.com/ru/post/443466/,KirEv,1
https://habr.com/ru/post/443466/,KirillGuzenko,1
https://habr.com/ru/post/443466/,KirutNdert,1
https://habr.com/ru/post/443466/,Kodiak,1
https://habr.com/ru/post/443466/,KoldunOne,1
https://habr.com/ru/post/443466/,Kozel-007,1
https://habr.com/ru/post/443466/,Legomegger,1
https://habr.com/ru/post/443466/,Materializator,1
https://habr.com/ru/post/443466/,NerVik,1
https://habr.com/ru/post/443466/,Newbie2,1
https://habr.com/ru/post/443466/,Novikofff,1
https://habr.com/ru/post/443466/,Oxoron,1
https://habr.com/ru/post/443466/,Pafnutyi,1
https://habr.com/ru/post/443466/,PastorGL,1
https://habr.com/ru/post/443466/,Pro-invader,1
https://habr.com/ru/post/443466/,Psychosynthesis,1
https://habr.com/ru/post/443466/,Razveseliy_tsigan,1
https://habr.com/ru/post/443466/,Rukis,1
https://habr.com/ru/post/443466/,SanQri,1
https://habr.com/ru/post/443466/,SerJook,1
https://habr.com/ru/post/443466/,Simplevolk,1
https://habr.com/ru/post/443466/,StraferPM,1
https://habr.com/ru/post/443466/,Strain,1
https://habr.com/ru/post/443466/,TheKnight,1
https://habr.com/ru/post/443466/,TimsTims,1
https://habr.com/ru/post/443466/,VIPDC,1
https://habr.com/ru/post/443466/,Vadbeg,1
https://habr.com/ru/post/443466/,Vanger,1
https://habr.com/ru/post/443466/,Viacheslav01,1
https://habr.com/ru/post/443466/,VolodjaT,1
https://habr.com/ru/post/443466/,WebMonet,1
https://habr.com/ru/post/443466/,Xandrmoro,1
https://habr.com/ru/post/443466/,Yaris,1
https://habr.com/ru/post/443466/,Yoooriii,1
https://habr.com/ru/post/443466/,Zalechi,1
https://habr.com/ru/post/443466/,ZeosBios,1
https://habr.com/ru/post/443466/,aahart,1
https://habr.com/ru/post/443466/,aivazovski,1
https://habr.com/ru/post/443466/,alatushkin,1
https://habr.com/ru/post/443466/,alex_29,1
https://habr.com/ru/post/443466/,alexdevyatov,1
https://habr.com/ru/post/443466/,asd111,1
https://habr.com/ru/post/443466/,azmar,1
https://habr.com/ru/post/443466/,b237,1
https://habr.com/ru/post/443466/,bloknot,1
https://habr.com/ru/post/443466/,brutalko,1
https://habr.com/ru/post/443466/,brzsmg,1
https://habr.com/ru/post/443466/,cubit,1
https://habr.com/ru/post/443466/,da-nie,1
https://habr.com/ru/post/443466/,develop7,1
https://habr.com/ru/post/443466/,dom3d,1
https://habr.com/ru/post/443466/,ehots,1
https://habr.com/ru/post/443466/,eliasdaler,1
https://habr.com/ru/post/443466/,emerald_isle,1
https://habr.com/ru/post/443466/,etaliorum,1
https://habr.com/ru/post/443466/,evgwed,1
https://habr.com/ru/post/443466/,feliasfogg,1
https://habr.com/ru/post/443466/,ferrumz,1
https://habr.com/ru/post/443466/,glestwid,1
https://habr.com/ru/post/443466/,glowingsword,1
https://habr.com/ru/post/443466/,halted,1
https://habr.com/ru/post/443466/,hd_keeper,1
https://habr.com/ru/post/443466/,illegally_happy,1
https://habr.com/ru/post/443466/,inew-iborn,1
https://habr.com/ru/post/443466/,jetexe,1
https://habr.com/ru/post/443466/,junari,1
https://habr.com/ru/post/443466/,kamelise,1
https://habr.com/ru/post/443466/,keydet,1
https://habr.com/ru/post/443466/,kluwert,1
https://habr.com/ru/post/443466/,korizza_spb,1
https://habr.com/ru/post/443466/,kpakozz96pyc,1
https://habr.com/ru/post/443466/,latimeria,1
https://habr.com/ru/post/443466/,li4inka,1
https://habr.com/ru/post/443466/,lostmsu,1
https://habr.com/ru/post/443466/,matabili1973,1
https://habr.com/ru/post/443466/,maxbrsw,1
https://habr.com/ru/post/443466/,mihmig,1
https://habr.com/ru/post/443466/,mikhailian,1
https://habr.com/ru/post/443466/,movl,1
https://habr.com/ru/post/443466/,neovav,1
https://habr.com/ru/post/443466/,nexus478,1
https://habr.com/ru/post/443466/,nikbond,1
https://habr.com/ru/post/443466/,nlog,1
https://habr.com/ru/post/443466/,nuclight,1
https://habr.com/ru/post/443466/,perfect_genius,1
https://habr.com/ru/post/443466/,php666,1
https://habr.com/ru/post/443466/,prankov,1
https://habr.com/ru/post/443466/,pyJIoH,1
https://habr.com/ru/post/443466/,r00tGER,1
https://habr.com/ru/post/443466/,radist2s,1
https://habr.com/ru/post/443466/,ragequit,1
https://habr.com/ru/post/443466/,river-fall,1
https://habr.com/ru/post/443466/,rustamaha,1
https://habr.com/ru/post/443466/,s0lar,1
https://habr.com/ru/post/443466/,saboteur_kiev,1
https://habr.com/ru/post/443466/,shm-vadim,1
https://habr.com/ru/post/443466/,side2k,1
https://habr.com/ru/post/443466/,snuk182,1
https://habr.com/ru/post/443466/,teemour,1
https://habr.com/ru/post/443466/,third112,1
https://habr.com/ru/post/443466/,tmteam,1
https://habr.com/ru/post/443466/,trawl,1
https://habr.com/ru/post/443466/,tretyakovpe,1
https://habr.com/ru/post/443466/,tumikosha,1
https://habr.com/ru/post/443466/,v1vendi,1
https://habr.com/ru/post/443466/,vassabi,1
https://habr.com/ru/post/443466/,vpiskunov,1
https://habr.com/ru/post/443466/,vyo,1
https://habr.com/ru/post/443466/,waxtah,1
https://habr.com/ru/post/443466/,yapendalff,1
https://habr.com/ru/post/443466/,yea,1
https://habr.com/ru/post/443466/,yuri46,1
https://habr.com/ru/post/443466/,zagayevskiy,1
https://habr.com/ru/post/443466/,zogxray,1
https://habr.com/ru/post/443466/,zugr,1
https://habr.com/ru/post/443466/,Crafter2012,2
https://habr.com/ru/post/443466/,DoctorMoriarty,2
https://habr.com/ru/post/443466/,DoctorRoza,2
https://habr.com/ru/post/443466/,FloorZ,2
https://habr.com/ru/post/443466/,GCU,2
https://habr.com/ru/post/443466/,Gorthauer87,2
https://habr.com/ru/post/443466/,Heian,2
https://habr.com/ru/post/443466/,JediPhilosopher,2
https://habr.com/ru/post/443466/,Losted,2
https://habr.com/ru/post/443466/,MaxVetrov,2
https://habr.com/ru/post/443466/,Silnur,2
https://habr.com/ru/post/443466/,Szer,2
https://habr.com/ru/post/443466/,VasikAlexey,2
https://habr.com/ru/post/443466/,Vorber,2
https://habr.com/ru/post/443466/,XXXXPro,2
https://habr.com/ru/post/443466/,Zavtramen,2
https://habr.com/ru/post/443466/,alix_ginger,2
https://habr.com/ru/post/443466/,balsoft,2
https://habr.com/ru/post/443466/,bisquitie,2
https://habr.com/ru/post/443466/,evocatus,2
https://habr.com/ru/post/443466/,fillpackart,2
https://habr.com/ru/post/443466/,garex,2
https://habr.com/ru/post/443466/,gohan,2
https://habr.com/ru/post/443466/,iago,2
https://habr.com/ru/post/443466/,istepan,2
https://habr.com/ru/post/443466/,janvarev,2
https://habr.com/ru/post/443466/,maxshopen,2
https://habr.com/ru/post/443466/,mikechips,2
https://habr.com/ru/post/443466/,mikhaylovns,2
https://habr.com/ru/post/443466/,necromant2005,2
https://habr.com/ru/post/443466/,ormoulu,2
https://habr.com/ru/post/443466/,sticks,2
https://habr.com/ru/post/443466/,valis,2
https://habr.com/ru/post/443466/,vdonich,2
https://habr.com/ru/post/443466/,vedenin1980,2
https://habr.com/ru/post/443466/,vladoos,2
https://habr.com/ru/post/443466/,weiser,2
https://habr.com/ru/post/443466/,zirf,2
https://habr.com/ru/post/443466/,zodchiy,2
https://habr.com/ru/post/443466/,Danik-ik,3
https://habr.com/ru/post/443466/,DrunkBear,3
https://habr.com/ru/post/443466/,IvUs,3
https://habr.com/ru/post/443466/,NeverIn,3
https://habr.com/ru/post/443466/,Nikita001,3
https://habr.com/ru/post/443466/,Tolledo,3
https://habr.com/ru/post/443466/,ddidwyll,3
https://habr.com/ru/post/443466/,domix32,3
https://habr.com/ru/post/443466/,fukkit,3
https://habr.com/ru/post/443466/,ganqqwerty,3
https://habr.com/ru/post/443466/,kapash,3
https://habr.com/ru/post/443466/,rg_software,3
https://habr.com/ru/post/443466/,straymonk,3
https://habr.com/ru/post/443466/,tangro,3
https://habr.com/ru/post/443466/,voidMan,3
https://habr.com/ru/post/443466/,Caracat,4
https://habr.com/ru/post/443466/,MeGaBoJIbT,4
https://habr.com/ru/post/443466/,Mitch,4
https://habr.com/ru/post/443466/,PsyHaSTe,4
https://habr.com/ru/post/443466/,Skerrigan,4
https://habr.com/ru/post/443466/,SovietTwins,4
https://habr.com/ru/post/443466/,Whuthering,4
https://habr.com/ru/post/443466/,batman12345,4
https://habr.com/ru/post/443466/,dayllenger,4
https://habr.com/ru/post/443466/,puyol_dev2,4
https://habr.com/ru/post/443466/,teleghost,4
https://habr.com/ru/post/443466/,urtow,4
https://habr.com/ru/post/443466/,9_pm,5
https://habr.com/ru/post/443466/,Exponent,5
https://habr.com/ru/post/443466/,MAXIM2010,5
https://habr.com/ru/post/443466/,MacIn,5
https://habr.com/ru/post/443466/,selivanov_pavel,5
https://habr.com/ru/post/443466/,superyateam,5
https://habr.com/ru/post/443466/,valkumei,5
https://habr.com/ru/post/443466/,Cerberuser,6
https://habr.com/ru/post/443466/,VEG,6
https://habr.com/ru/post/443466/,fesst,6
https://habr.com/ru/post/443466/,s60,6
https://habr.com/ru/post/443466/,sumanai,6
https://habr.com/ru/post/443466/,eshirshov,7
https://habr.com/ru/post/443466/,vozhd99,7
https://habr.com/ru/post/443466/,JC_IIB,8
https://habr.com/ru/post/443466/,S-e-n,8
https://habr.com/ru/post/443466/,johnfound,8
https://habr.com/ru/post/443466/,skapral,8
https://habr.com/ru/post/443466/,yudinetz,8
https://habr.com/ru/post/443466/,DarkGenius,9
https://habr.com/ru/post/443466/,anprs,9
https://habr.com/ru/post/443466/,jbaruch,9
https://habr.com/ru/post/443466/,serf,9
https://habr.com/ru/post/443466/,dss_kalika,10
https://habr.com/ru/post/443466/,Alexeyslav,12
https://habr.com/ru/post/443466/,Stas911,12
https://habr.com/ru/post/443466/,Vantela,12
https://habr.com/ru/post/443466/,s-kozlov,13
https://habr.com/ru/post/443466/,Neikist,14
https://habr.com/ru/post/443466/,vvbob,16
https://habr.com/ru/post/443466/,engine9,17
https://habr.com/ru/post/443466/,sergeperovsky,17
https://habr.com/ru/post/443466/,0xd34df00d,24
https://habr.com/ru/post/444274/,1tuz,1
https://habr.com/ru/post/444274/,Anton23,1
https://habr.com/ru/post/444274/,Asparagales,1
https://habr.com/ru/post/444274/,Ded_Keygen,1
https://habr.com/ru/post/444274/,Enverest,1
https://habr.com/ru/post/444274/,Furriest,1
https://habr.com/ru/post/444274/,Hypnotoadd,1
https://habr.com/ru/post/444274/,ICEBURG,1
https://habr.com/ru/post/444274/,Kwisatz,1
https://habr.com/ru/post/444274/,L0NGMAN,1
https://habr.com/ru/post/444274/,MarSoft,1
https://habr.com/ru/post/444274/,Materializator,1
https://habr.com/ru/post/444274/,Murat1992,1
https://habr.com/ru/post/444274/,Pas,1
https://habr.com/ru/post/444274/,Popadanec,1
https://habr.com/ru/post/444274/,Razveseliy_tsigan,1
https://habr.com/ru/post/444274/,Sabubu,1
https://habr.com/ru/post/444274/,Sol_Vento,1
https://habr.com/ru/post/444274/,TerraHominem,1
https://habr.com/ru/post/444274/,TimsTims,1
https://habr.com/ru/post/444274/,VladMgn,1
https://habr.com/ru/post/444274/,Whuthering,1
https://habr.com/ru/post/444274/,aPiks,1
https://habr.com/ru/post/444274/,abar,1
https://habr.com/ru/post/444274/,alex-open-plc,1
https://habr.com/ru/post/444274/,alskdjkasjdklajs,1
https://habr.com/ru/post/444274/,amarao,1
https://habr.com/ru/post/444274/,andrey665,1
https://habr.com/ru/post/444274/,andrey_gavrilov,1
https://habr.com/ru/post/444274/,artemerschow,1
https://habr.com/ru/post/444274/,balamutang,1
https://habr.com/ru/post/444274/,blind_oracle,1
https://habr.com/ru/post/444274/,bopia09,1
https://habr.com/ru/post/444274/,dMetrius,1
https://habr.com/ru/post/444274/,dbalabanov,1
https://habr.com/ru/post/444274/,dmitryredkin,1
https://habr.com/ru/post/444274/,dumistoklus,1
https://habr.com/ru/post/444274/,floop,1
https://habr.com/ru/post/444274/,gligi,1
https://habr.com/ru/post/444274/,goldrobot,1
https://habr.com/ru/post/444274/,gwathedhel,1
https://habr.com/ru/post/444274/,iDm1,1
https://habr.com/ru/post/444274/,igorsd,1
https://habr.com/ru/post/444274/,komtet,1
https://habr.com/ru/post/444274/,lllepemetbeb,1
https://habr.com/ru/post/444274/,mOlind,1
https://habr.com/ru/post/444274/,mSnus,1
https://habr.com/ru/post/444274/,mashimaro,1
https://habr.com/ru/post/444274/,masscry,1
https://habr.com/ru/post/444274/,mclander,1
https://habr.com/ru/post/444274/,muromdx,1
https://habr.com/ru/post/444274/,nlykl,1
https://habr.com/ru/post/444274/,nqooqoo,1
https://habr.com/ru/post/444274/,pilniy,1
https://habr.com/ru/post/444274/,ramax,1
https://habr.com/ru/post/444274/,romanonthego,1
https://habr.com/ru/post/444274/,samodum,1
https://habr.com/ru/post/444274/,servermen,1
https://habr.com/ru/post/444274/,shalm,1
https://habr.com/ru/post/444274/,snizovtsev,1
https://habr.com/ru/post/444274/,solovetski,1
https://habr.com/ru/post/444274/,sotnikdv,1
https://habr.com/ru/post/444274/,ssh24,1
https://habr.com/ru/post/444274/,stavinsky,1
https://habr.com/ru/post/444274/,sumanai,1
https://habr.com/ru/post/444274/,susnake,1
https://habr.com/ru/post/444274/,toxicdream,1
https://habr.com/ru/post/444274/,tyderh,1
https://habr.com/ru/post/444274/,vyo,1
https://habr.com/ru/post/444274/,xFFFF,1
https://habr.com/ru/post/444274/,xRay,1
https://habr.com/ru/post/444274/,1c80,2
https://habr.com/ru/post/444274/,Aingis,2
https://habr.com/ru/post/444274/,AlxDr,2
https://habr.com/ru/post/444274/,Antares19,2
https://habr.com/ru/post/444274/,Archon,2
https://habr.com/ru/post/444274/,BkmzSpb,2
https://habr.com/ru/post/444274/,BloodLizard,2
https://habr.com/ru/post/444274/,Bonio,2
https://habr.com/ru/post/444274/,Cenzo,2
https://habr.com/ru/post/444274/,Mabusius,2
https://habr.com/ru/post/444274/,PowerMetall,2
https://habr.com/ru/post/444274/,Sergery8205,2
https://habr.com/ru/post/444274/,altai2013,2
https://habr.com/ru/post/444274/,balsoft,2
https://habr.com/ru/post/444274/,ctc,2
https://habr.com/ru/post/444274/,dartraiden,2
https://habr.com/ru/post/444274/,epishman,2
https://habr.com/ru/post/444274/,funnycar,2
https://habr.com/ru/post/444274/,oller,2
https://habr.com/ru/post/444274/,rogoz,2
https://habr.com/ru/post/444274/,tonny_bennet,2
https://habr.com/ru/post/444274/,vvpoloskin,2
https://habr.com/ru/post/444274/,weirded,2
https://habr.com/ru/post/444274/,9660,3
https://habr.com/ru/post/444274/,DistortNeo,3
https://habr.com/ru/post/444274/,Druu,3
https://habr.com/ru/post/444274/,GDragon,3
https://habr.com/ru/post/444274/,Habra_nik,3
https://habr.com/ru/post/444274/,arkamax,3
https://habr.com/ru/post/444274/,entze,3
https://habr.com/ru/post/444274/,peterzubkoff,3
https://habr.com/ru/post/444274/,puyol_dev2,3
https://habr.com/ru/post/444274/,suharik,3
https://habr.com/ru/post/444274/,Mykola_Von_Raybokobylko,4
https://habr.com/ru/post/444274/,Radjah,4
https://habr.com/ru/post/444274/,bisquitie,4
https://habr.com/ru/post/444274/,keydet,4
https://habr.com/ru/post/444274/,tyomitch,4
https://habr.com/ru/post/444274/,Kastrulya,5
https://habr.com/ru/post/444274/,MacIn,5
https://habr.com/ru/post/444274/,PsyHaSTe,5
https://habr.com/ru/post/444274/,Sheti,5
https://habr.com/ru/post/444274/,ZetaTetra,5
https://habr.com/ru/post/444274/,arthur_veber,5
https://habr.com/ru/post/444274/,piroman,5
https://habr.com/ru/post/444274/,Henry7,6
https://habr.com/ru/post/444274/,KonkovVladimir,6
https://habr.com/ru/post/444274/,Nova_Logic,6
https://habr.com/ru/post/444274/,iig,9
https://habr.com/ru/post/444274/,VerdOrr,10
https://habr.com/ru/post/444274/,shifttstas,11
https://habr.com/ru/post/444274/,oracle_and_delphi,12
https://habr.com/ru/post/444274/,CyberSEO,13
https://habr.com/ru/post/444274/,qrKot,13
https://habr.com/ru/post/444274/,Farakhm,14
https://habr.com/ru/post/444274/,askv,14
https://habr.com/ru/post/444274/,khim,23
https://habr.com/ru/post/444274/,enzain,24
https://habr.com/ru/post/444274/,isp8k,24
